{
  "hp_final": 0.501656437661581,
  "base_spd": 0.3731779927509435,
  "base_spa": 0.37317799275094343,
  "base_atk": 0.3390050290121531,
  "base_def": 0.3356553549221925,
  "base_spe": 0.3300398771315188,
  "status_nostatus": 0.0034256722376268998,
  "status_fnt": 0.0033772840233181798,
  "type_psychic": 0.0015766214628158057,
  "type_normal": 0.0014960688414463203,
  "type_water": 0.000696488092543812,
  "type_grass": 0.0006412120776417092,
  "status_par": 0.0005085160210630984,
  "type_electric": 0.000498759895799261,
  "type_rock": 0.0004735034940438928,
  "type_ground": 0.0004735034940438928,
  "type_flying": 0.00041786464360501807,
  "type_poison": 0.0003831023420463256,
  "type_ice": 0.00036793602417546867,
  "type_ghost": 0.00035711424709113944,
  "boost_spd": 0.0002878417681505784,
  "boost_spa": 0.0002875530980567337,
  "status_frz": 0.0002719207799030864,
  "status_slp": 0.00024142855301529677,
  "boost_spe": 0.00010524427032170442,
  "boost_atk": 4.5290224481543314e-05,
  "type_dragon": 4.1124515322901004e-05,
  "status_tox": 2.7554175453524553e-05,
  "status_psn": 1.3952945209288443e-05,
  "status_brn": 1.1513928486379737e-05,
  "type_fire": 8.758516228546807e-06,
  "boost_def": 2.5628250598450562e-24,
  "type_nan": 0.0
}